video_id,subgroup,mean_visual_avg_score,mean_visual_pct_correlated,total_segments,pct_hands_on
-AKD2Lv7XqI,conventional,37.86,41.67,44,4.55
-qCO7NUpLc0,visually_embodied,73.67,80.61,49,77.55
09c4bdKM5Kw,verbally_embodied,33.72,38.07,88,25.0
0Mu2L9z1MH8,conventional,43.18,47.73,44,63.64
15cdyl2PU-E,verbally_embodied,17.32,18.29,41,46.34
1WYDsiYJGoQ,conventional,33.84,36.55,132,0.0
2_y_3_3V-so,conventional,72.62,80.95,21,0.0
31ArBvYoG2Q,verbally_embodied,80.68,86.06,165,85.45
35YuILUlfGs,verbally_embodied,37.91,41.79,67,4.48
3cFSNRG2xfA,verbally_embodied,87.38,93.75,16,68.75
3dQjIeYoIdM,verbally_embodied,43.3,48.61,48,12.5
3xe-g35SmEY,conventional,36.09,39.06,64,9.38
408qlS2z6ys,conventional,56.15,61.18,85,10.59
4ObzEft2R_g,conventional,53.55,57.5,40,12.5
4dmrahCJonM,conventional,51.73,55.88,136,3.68
56p3_aORiJ0,verbally_embodied,66.68,72.34,122,0.0
7JH1_ZKV7t4,verbally_embodied,5.19,5.77,52,13.46
8YPX1gZGyJg,conventional,46.43,50.0,34,11.76
9fFjlxUUQZg,verbally_embodied,46.32,51.22,41,46.34
9fYzb1g8tzw,verbally_embodied,22.92,24.62,65,12.31
ACvQNJwZSPg,visually_embodied,40.98,45.45,33,87.88
AN3yxIBAxTA,verbally_embodied,53.58,57.14,98,23.47
AOf-i2vLd2o,conventional,42.32,46.8,125,0.0
AmlmkTPqZrk,conventional,53.93,57.14,14,0.0
AoJDIy52y7g,conventional,44.68,48.68,63,3.17
BYvTEfNAi38,conventional,77.04,82.72,81,0.0
CAYKno16weE,verbally_embodied,55.15,59.56,65,49.23
CvMDlG_AF3Q,visually_embodied,68.83,74.85,57,71.93
DOWDNBu9DkU,verbally_embodied,7.44,7.75,129,8.53
DQOt-m7rg80,verbally_embodied,89.09,94.44,54,27.78
DeSDjjicGWY,verbally_embodied,20.25,21.88,96,10.42
DkbfBIMSdgo,verbally_embodied,74.36,82.05,39,58.97
ERLMO-nay30,visually_embodied,66.57,74.29,35,42.86
E_RDCFOlJx4,conventional,34.81,37.46,105,0.0
EdUAecpYVWQ,conventional,75.63,82.11,95,0.0
FNG9f2qJdWk,visually_embodied,72.06,79.41,34,50.0
FXSpHy8LvmY,conventional,42.03,44.44,90,0.0
GbdF6th5PZk,visually_embodied,39.96,45.31,48,54.17
Gpm-TI21x9s,verbally_embodied,33.81,36.45,107,23.36
GqCn94Ksdbo,verbally_embodied,59.51,66.39,61,13.11
GrvvkYTW_0k,conventional,31.2,34.32,49,0.0
HWMq1WjvgfE,verbally_embodied,75.75,81.18,170,66.47
ILeLo1lWjBk,conventional,11.73,14.02,107,3.74
IiilGiJZDsI,conventional,17.9,18.84,69,0.0
K4aI2t5T00c,visually_embodied,55.52,60.22,51,52.94
KDwqqlqdYFQ,verbally_embodied,84.74,91.38,58,67.24
KKjHZpNMeik,conventional,62.16,68.63,51,0.0
L0QraSYq8tw,conventional,79.78,86.84,38,23.68
LYJDlz5w77Y,verbally_embodied,44.97,48.54,103,27.18
MEHVDGUP2Co,conventional,58.76,64.29,21,0.0
N5DbiWFjbh8,verbally_embodied,3.12,3.67,109,0.92
NQvVeLHzfSs,verbally_embodied,58.75,63.1,14,21.43
OBM5T5_kgdI,conventional,70.15,76.28,52,7.69
P4GsoMTv-SY,verbally_embodied,42.67,45.9,122,6.56
PS_p3O9q4YI,conventional,18.31,20.47,127,7.87
PWyqVEkZGWk,verbally_embodied,80.22,85.8,88,15.91
PfFkm0Kgkn0,visually_embodied,81.15,87.18,39,87.18
PlKeFj5teo4,conventional,24.52,28.57,42,2.38
R2UqeJbK2yc,visually_embodied,47.11,53.33,45,66.67
RiRyzLl4Y8U,conventional,71.5,76.9,114,22.81
S0j4xOuRzD4,verbally_embodied,49.41,54.24,66,22.73
Sd6CcsCgFbg,conventional,27.94,30.17,232,0.0
U5cqrrhq9TA,verbally_embodied,36.29,40.1,69,14.49
URj7TorDHmQ,conventional,58.88,64.18,67,0.0
UrCFv2qCELI,conventional,19.93,22.67,75,0.0
WoHjWZFTnpQ,verbally_embodied,38.56,39.39,66,31.82
WoxDbIbpP_Q,conventional,11.89,13.49,210,0.0
XRsJRqipSx8,conventional,89.17,96.33,109,0.0
YIAQ80evrFM,visually_embodied,70.88,77.62,30,86.67
YQ8ZhHBraZg,verbally_embodied,79.44,83.33,18,0.0
YQeOmeMGpvE,verbally_embodied,27.51,30.0,80,31.25
ZOuZWE_tfgQ,verbally_embodied,72.98,79.08,98,78.57
_HHxV-7alwE,verbally_embodied,44.18,47.37,266,12.03
_VzHpLjKeZ8,conventional,29.69,32.77,296,6.76
a3wDEcORRR4,verbally_embodied,86.04,92.55,47,51.06
aXTtu4n37WI,conventional,25.91,28.29,129,31.01
aqfyRUVSq9I,conventional,75.67,80.65,93,1.08
btOIDQeMrMg,conventional,48.44,53.12,32,0.0
cggDZE7gZNw,visually_embodied,73.32,78.95,57,77.19
dKB7uHYU-ow,visually_embodied,35.78,40.62,32,65.62
dQeNONerxEU,conventional,21.75,23.65,148,15.54
dV8rpGUoxns,verbally_embodied,90.99,97.06,102,3.92
dmPIydL0lyM,conventional,59.85,67.28,81,0.0
ewYBc1jBDGM,conventional,57.09,62.14,103,6.8
fcmXG3wB_1M,visually_embodied,70.26,75.86,58,46.55
gdJHi9I0V4w,visually_embodied,69.46,75.83,60,76.67
h50JwrVl2nQ,visually_embodied,75.83,81.58,38,34.21
hRnofMxEf3Q,verbally_embodied,11.32,12.16,148,0.0
hnPi6i8Ua1M,verbally_embodied,76.69,84.23,37,54.05
hpeKrMG-WP0,conventional,60.17,65.12,86,0.0
iKZ05QIN8mc,conventional,30.46,33.1,215,19.53
jLXW6qVdfq4,visually_embodied,49.44,54.17,24,79.17
jhvXWpRmhvM,conventional,24.08,26.32,38,0.0
lAVYDUeqdW4,conventional,90.15,96.97,33,0.0
lBC1nEq0_nk,conventional,65.62,70.62,97,0.0
lBGE5lwbruE,conventional,48.44,52.53,79,21.52
lV6zevUF-v0,verbally_embodied,71.37,78.66,82,79.27
lWgYgef-hQ8,visually_embodied,53.83,60.58,52,73.08
mcAMNsmT6uE,visually_embodied,52.46,58.09,68,75.0
muGlauyfOGsT,visually_embodied,23.87,28.3,53,92.45
n3TeLpbw_jk,conventional,14.81,16.03,131,0.76
nxKkM4bXPFI,conventional,7.7,10.0,50,0.0
nxMkX0wtLm4,visually_embodied,76.11,82.41,36,100.0
qNLvoSQCx60,verbally_embodied,37.3,41.27,63,4.76
r0kBl1__VEQ,verbally_embodied,66.57,70.93,86,61.63
raTtiqWOFW8,visually_embodied,45.98,50.98,51,35.29
re-dSV_a0tM,verbally_embodied,19.81,22.6,146,0.0
rw3I118gQa8,visually_embodied,65.62,71.67,60,81.67
s0dNRe0XWJ8,verbally_embodied,19.46,20.59,102,0.0
sF0KOVWj9p8,verbally_embodied,22.33,24.66,73,20.55
sHwSIcIdeDI,visually_embodied,67.9,74.0,50,74.0
sI5Ftm1-jik,verbally_embodied,57.65,62.96,27,33.33
sL0LtyfNYkM,conventional,67.91,72.45,98,0.0
t1Q9_PlN4GU,conventional,85.45,90.91,22,0.0
t4LPzGIr41c,verbally_embodied,54.24,58.82,68,48.53
tFVAaUcOm4I,conventional,19.71,20.3,133,0.0
taSlxgvvrBM,conventional,85.43,90.0,30,0.0
u40kX1DYKdA,verbally_embodied,59.92,65.31,49,16.33
uwDajwnP2XE,conventional,85.51,91.84,49,12.24
w49SSxiPK_Q,visually_embodied,73.12,79.17,24,79.17
wKyt5ssrDQ8,conventional,20.96,23.08,26,0.0
wmTlM5s2xTY,verbally_embodied,60.5,66.67,90,36.67
yPwYNUDkkZs,verbally_embodied,57.54,63.33,120,16.67
yctzuuGAm-E,conventional,38.29,41.8,244,15.98
z58RORCUTao,verbally_embodied,14.52,16.13,62,30.65
zUyj7Xn9-sk,conventional,69.58,75.0,24,0.0
zZE4AejgDOA,visually_embodied,76.72,83.61,61,85.25
zt7YAna-Qcc,conventional,51.38,56.25,96,1.04
