video_id,subgroup,mean_visual_score,mean_transcript_score,mean_union_score,mean_visual_pct,mean_transcript_pct,total_segments,pct_hands_on
-AKD2Lv7XqI,conventional,37.8636,17.1818,42.5606,41.6667,19.697,44,4.5455
-qCO7NUpLc0,visually_embodied,73.6735,0.0,73.6735,80.6122,0.0,49,77.551
09c4bdKM5Kw,verbally_embodied,33.7159,3.8068,35.7614,38.0682,3.9773,88,25.0
0Mu2L9z1MH8,conventional,43.1818,5.0,47.2727,47.7273,4.5455,44,63.6364
15cdyl2PU-E,verbally_embodied,17.3171,13.378,27.1585,18.2927,14.6341,41,46.3415
1WYDsiYJGoQ,conventional,33.8352,7.1345,35.8902,36.553,7.9545,132,0.0
2_y_3_3V-so,conventional,72.619,20.0952,73.1905,80.9524,23.8095,21,0.0
31ArBvYoG2Q,verbally_embodied,80.6848,24.1091,83.0909,86.0606,27.8788,165,85.4545
35YuILUlfGs,verbally_embodied,37.9104,5.3731,40.6716,41.791,5.9701,67,4.4776
3cFSNRG2xfA,verbally_embodied,87.375,70.25,89.375,93.75,75.0,16,68.75
3dQjIeYoIdM,verbally_embodied,43.2986,8.0069,44.5833,48.6111,13.1944,48,12.5
3xe-g35SmEY,conventional,36.0938,15.2344,42.8125,39.0625,17.1875,64,9.375
408qlS2z6ys,conventional,56.1471,18.5118,60.3294,61.1765,22.3529,85,10.5882
4ObzEft2R_g,conventional,53.55,34.385,60.9,57.5,40.0,40,12.5
4dmrahCJonM,conventional,51.7279,21.1691,59.6618,55.8824,23.5294,136,3.6765
56p3_aORiJ0,verbally_embodied,66.6783,32.3463,71.8238,72.3361,37.7049,122,0.0
7JH1_ZKV7t4,verbally_embodied,5.1923,11.5385,16.7308,5.7692,13.4615,52,13.4615
8YPX1gZGyJg,conventional,46.4265,15.25,47.9265,50.0,16.1765,34,11.7647
9fFjlxUUQZg,verbally_embodied,46.3171,18.8415,54.7317,51.2195,20.7317,41,46.3415
9fYzb1g8tzw,verbally_embodied,22.9231,3.4308,25.0,24.6154,3.0769,65,12.3077
ACvQNJwZSPg,visually_embodied,40.9848,0.0,40.9848,45.4545,0.0,33,87.8788
AN3yxIBAxTA,verbally_embodied,53.5816,45.5306,72.2551,57.1429,51.0204,98,23.4694
AOf-i2vLd2o,conventional,42.32,33.334,54.836,46.8,37.2,125,0.0
AmlmkTPqZrk,conventional,53.9286,41.6429,78.0714,57.1429,50.0,14,0.0
AoJDIy52y7g,conventional,44.6825,18.6878,50.2169,48.6772,23.8095,63,3.1746
BYvTEfNAi38,conventional,77.037,42.1358,81.7284,82.716,45.679,81,0.0
CAYKno16weE,verbally_embodied,55.1538,26.4418,58.1802,59.5604,29.8901,65,49.2308
CvMDlG_AF3Q,visually_embodied,68.8304,0.0,68.8304,74.8538,0.0,57,71.9298
DOWDNBu9DkU,verbally_embodied,7.4419,11.5271,17.5736,7.7519,13.1783,129,8.5271
DQOt-m7rg80,verbally_embodied,89.0926,24.9444,89.0926,94.4444,25.9259,54,27.7778
DeSDjjicGWY,verbally_embodied,20.25,0.0,20.25,21.875,0.0,96,10.4167
DkbfBIMSdgo,verbally_embodied,74.359,56.2051,81.7949,82.0513,64.1026,39,58.9744
ERLMO-nay30,visually_embodied,66.5714,22.1286,69.2429,74.2857,25.7143,35,42.8571
E_RDCFOlJx4,conventional,34.8127,18.3429,41.8381,37.4603,21.2698,105,0.0
EdUAecpYVWQ,conventional,75.6316,34.2421,81.1579,82.1053,41.0526,95,0.0
FNG9f2qJdWk,visually_embodied,72.0588,3.2353,72.0588,79.4118,2.9412,34,50.0
FXSpHy8LvmY,conventional,42.0333,30.7,54.6778,44.4444,34.4444,90,0.0
GbdF6th5PZk,visually_embodied,39.9635,0.0,39.9635,45.3125,0.0,48,54.1667
Gpm-TI21x9s,verbally_embodied,33.8131,28.7477,48.5047,36.4486,31.7757,107,23.3645
GqCn94Ksdbo,verbally_embodied,59.5082,13.1803,64.7377,66.3934,17.2131,61,13.1148
GrvvkYTW_0k,conventional,31.2022,18.7273,37.0983,34.3228,22.0779,49,0.0
HWMq1WjvgfE,verbally_embodied,75.75,6.8706,77.7324,81.1765,8.8235,170,66.4706
ILeLo1lWjBk,conventional,11.729,11.271,21.4299,14.0187,12.1495,107,3.7383
IiilGiJZDsI,conventional,17.8986,3.1884,20.5072,18.8406,5.7971,69,0.0
K4aI2t5T00c,visually_embodied,55.5154,0.0,55.5154,60.2241,0.2801,51,52.9412
KDwqqlqdYFQ,verbally_embodied,84.7414,10.0862,84.7414,91.3793,15.5172,58,67.2414
KKjHZpNMeik,conventional,62.1569,25.3333,69.1569,68.6275,29.4118,51,0.0
L0QraSYq8tw,conventional,79.7763,52.3947,83.8158,86.8421,57.8947,38,23.6842
LYJDlz5w77Y,verbally_embodied,44.966,5.6019,45.4466,48.5437,6.7961,103,27.1845
MEHVDGUP2Co,conventional,58.7619,15.4048,61.381,64.2857,16.6667,21,0.0
N5DbiWFjbh8,verbally_embodied,3.1193,1.6514,4.7706,3.6697,1.8349,109,0.9174
NQvVeLHzfSs,verbally_embodied,58.75,40.119,66.1548,63.0952,45.2381,14,21.4286
OBM5T5_kgdI,conventional,70.1474,41.9872,75.0577,76.2821,48.7179,52,7.6923
P4GsoMTv-SY,verbally_embodied,42.6721,15.1721,47.5443,45.9016,18.0328,122,6.5574
PS_p3O9q4YI,conventional,18.3071,0.4724,18.7795,20.4724,0.0,127,7.874
PWyqVEkZGWk,verbally_embodied,80.2159,40.0966,82.0739,85.7955,45.4545,88,15.9091
PfFkm0Kgkn0,visually_embodied,81.1538,2.5641,81.2821,87.1795,2.5641,39,87.1795
PlKeFj5teo4,conventional,24.5238,18.0952,34.4048,28.5714,19.0476,42,2.381
R2UqeJbK2yc,visually_embodied,47.1111,0.0,47.1111,53.3333,0.0,45,66.6667
RiRyzLl4Y8U,conventional,71.4971,17.3246,72.3962,76.9006,20.4678,114,22.807
S0j4xOuRzD4,verbally_embodied,49.4121,22.2212,52.6333,54.2424,26.3636,66,22.7273
Sd6CcsCgFbg,conventional,27.944,15.5259,34.8319,30.1724,16.3793,232,0.0
U5cqrrhq9TA,verbally_embodied,36.285,36.8309,50.3961,40.0966,41.5459,69,14.4928
URj7TorDHmQ,conventional,58.8806,33.3284,71.1343,64.1791,37.3134,67,0.0
UrCFv2qCELI,conventional,19.9333,9.8267,25.96,22.6667,12.0,75,0.0
WoHjWZFTnpQ,verbally_embodied,38.5606,26.9394,53.3788,39.3939,30.303,66,31.8182
WoxDbIbpP_Q,conventional,11.8929,16.9063,23.1024,13.4921,19.2063,210,0.0
XRsJRqipSx8,conventional,89.1743,45.6239,90.5505,96.3303,54.1284,109,0.0
YIAQ80evrFM,visually_embodied,70.881,4.8762,71.3571,77.619,5.7143,30,86.6667
YQ8ZhHBraZg,verbally_embodied,79.4444,66.0,88.3333,83.3333,77.7778,18,0.0
YQeOmeMGpvE,verbally_embodied,27.5125,19.475,40.8,30.0,25.0,80,31.25
ZOuZWE_tfgQ,verbally_embodied,72.9847,4.449,73.0357,79.0816,6.1224,98,78.5714
_HHxV-7alwE,verbally_embodied,44.1823,11.3195,49.4211,47.3684,12.218,266,12.0301
_VzHpLjKeZ8,conventional,29.6926,11.1014,34.9257,32.7703,13.1757,296,6.7568
a3wDEcORRR4,verbally_embodied,86.0426,20.1277,86.3085,92.5532,23.4043,47,51.0638
aXTtu4n37WI,conventional,25.9109,4.5814,29.5426,28.2946,5.4264,129,31.0078
aqfyRUVSq9I,conventional,75.6667,30.7634,80.328,80.6452,37.0968,93,1.0753
btOIDQeMrMg,conventional,48.4375,43.75,69.0625,53.125,50.0,32,0.0
cggDZE7gZNw,visually_embodied,73.3202,1.7105,73.3421,78.9474,2.6316,57,77.193
dKB7uHYU-ow,visually_embodied,35.7812,0.0,35.7812,40.625,0.0,32,65.625
dQeNONerxEU,conventional,21.7534,4.4155,24.7669,23.6486,6.0811,148,15.5405
dV8rpGUoxns,verbally_embodied,90.9902,25.402,92.8039,97.0588,30.3922,102,3.9216
dmPIydL0lyM,conventional,59.8457,14.8272,60.8951,67.284,17.9012,81,0.0
ewYBc1jBDGM,conventional,57.0874,0.4854,57.2816,62.1359,0.0,103,6.7961
fcmXG3wB_1M,visually_embodied,70.2586,13.6897,73.0517,75.8621,15.5172,58,46.5517
gdJHi9I0V4w,visually_embodied,69.4583,0.0,69.4583,75.8333,0.0,60,76.6667
h50JwrVl2nQ,visually_embodied,75.8289,0.0,75.8289,81.5789,0.0,38,34.2105
hRnofMxEf3Q,verbally_embodied,11.3176,3.6081,13.6824,12.1622,4.0541,148,0.0
hnPi6i8Ua1M,verbally_embodied,76.6892,32.5,77.1486,84.2342,37.8378,37,54.0541
hpeKrMG-WP0,conventional,60.1744,49.9419,78.5581,65.1163,55.814,86,0.0
iKZ05QIN8mc,conventional,30.4566,17.9388,37.2822,33.1008,21.2403,215,19.5349
jLXW6qVdfq4,visually_embodied,49.4444,0.0,49.4444,54.1667,0.0,24,79.1667
jhvXWpRmhvM,conventional,24.0789,18.7632,38.8947,26.3158,21.0526,38,0.0
lAVYDUeqdW4,conventional,90.1515,50.697,90.3939,96.9697,60.6061,33,0.0
lBC1nEq0_nk,conventional,65.6186,17.5567,68.9433,70.6186,21.134,97,0.0
lBGE5lwbruE,conventional,48.4367,19.2848,55.5506,52.5316,21.519,79,21.519
lV6zevUF-v0,verbally_embodied,71.372,13.9024,72.0732,78.6585,15.8537,82,79.2683
lWgYgef-hQ8,visually_embodied,53.8269,0.0,53.8269,60.5769,0.0,52,73.0769
mcAMNsmT6uE,visually_embodied,52.4632,1.2868,52.4632,58.0882,1.4706,68,75.0
muGlauyfOGsT,visually_embodied,23.8679,0.0,23.8679,28.3019,0.0,53,92.4528
n3TeLpbw_jk,conventional,14.8092,25.6947,35.7939,16.0305,27.4809,131,0.7634
nxKkM4bXPFI,conventional,7.7,1.8,9.5,10.0,2.0,50,0.0
nxMkX0wtLm4,visually_embodied,76.1111,0.8333,76.1111,82.4074,0.9259,36,100.0
qNLvoSQCx60,verbally_embodied,37.3016,29.4603,48.9048,41.2698,33.3333,63,4.7619
r0kBl1__VEQ,verbally_embodied,66.5698,4.186,67.6163,70.9302,4.6512,86,61.6279
raTtiqWOFW8,visually_embodied,45.9804,1.7157,46.0294,50.9804,1.9608,51,35.2941
re-dSV_a0tM,verbally_embodied,19.8082,12.3767,27.8014,22.6027,14.3836,146,0.0
rw3I118gQa8,visually_embodied,65.6167,4.45,65.6167,71.6667,5.0,60,81.6667
s0dNRe0XWJ8,verbally_embodied,19.4608,11.8922,28.3922,20.5882,12.7451,102,0.0
sF0KOVWj9p8,verbally_embodied,22.3288,36.2945,45.8288,24.6575,42.4658,73,20.5479
sHwSIcIdeDI,visually_embodied,67.9,3.7,71.6,74.0,4.0,50,74.0
sI5Ftm1-jik,verbally_embodied,57.6543,23.8765,62.963,62.963,27.1605,27,33.3333
sL0LtyfNYkM,conventional,67.9082,20.0102,73.1224,72.449,24.4898,98,0.0
t1Q9_PlN4GU,conventional,85.4545,45.9091,89.8636,90.9091,54.5455,22,0.0
t4LPzGIr41c,verbally_embodied,54.2353,2.5294,54.2353,58.8235,2.9412,68,48.5294
tFVAaUcOm4I,conventional,19.7068,3.1053,21.3459,20.3008,3.0075,133,0.0
taSlxgvvrBM,conventional,85.4333,9.7333,85.4333,90.0,16.6667,30,0.0
u40kX1DYKdA,verbally_embodied,59.9184,20.3673,65.4898,65.3061,24.4898,49,16.3265
uwDajwnP2XE,conventional,85.5102,11.1633,85.7551,91.8367,12.2449,49,12.2449
w49SSxiPK_Q,visually_embodied,73.125,0.0,73.125,79.1667,0.0,24,79.1667
wKyt5ssrDQ8,conventional,20.9615,7.6923,28.6538,23.0769,7.6923,26,0.0
wmTlM5s2xTY,verbally_embodied,60.5,5.1111,61.3889,66.6667,5.5556,90,36.6667
yPwYNUDkkZs,verbally_embodied,57.5417,23.2458,62.0917,63.3333,26.25,120,16.6667
yctzuuGAm-E,conventional,38.291,0.3279,38.291,41.8033,0.0,244,15.9836
z58RORCUTao,verbally_embodied,14.5161,27.9355,38.2581,16.129,30.6452,62,30.6452
zUyj7Xn9-sk,conventional,69.5833,3.9583,69.5833,75.0,4.1667,24,0.0
zZE4AejgDOA,visually_embodied,76.7213,1.4754,76.8852,83.6066,1.6393,61,85.2459
zt7YAna-Qcc,conventional,51.3802,16.349,52.6927,56.25,18.75,96,1.0417
